2,Pouria,kalantari,kalantari_pouria@yahoo.com,091922454
3,parisa,kalanatri,kl94@yahoo.com,03126548
4,Farhad,ghaemian,farhad.gha@er.com,9152234
5,Nichol,Kidman,nichol.kidman@yhaoo.com,45684612
6,Farnosh,shahidi,far@sha.com,123456
7,Gelare,Assivand,gelareh@assivand.com,1516546
8,Hossein,Badpa,hossein.badpa@uy.com,1254856
9,esmael,shwikhi,es_ahaiu@hu.com,4758445
10,Nathan4,kil4,nathan4@hhj.com,54165
11,emaell,safaee,esmael@safaee.com,12649864
12,Asssad,falooh,assag@hih.com,6548456
